timestamp,user,action,bytes,status,src_ip,dst_ip
01-01-2025 10:00,david,login_success,10890,200,192.168.1.23,10.0.0.29
01-01-2025 10:00,frank,change_password,26564,200,192.168.1.27,10.0.0.5
01-01-2025 10:00,ivy,change_password,33870,200,192.168.1.41,10.0.0.20
01-01-2025 10:00,bob,login_success,25522,200,192.168.1.11,10.0.0.5
01-01-2025 10:00,harry,unauthorized_access,4802,403,192.168.1.42,10.0.0.27
01-01-2025 10:01,george,read_data,13209,200,192.168.1.25,10.0.0.23
01-01-2025 10:00,frank,change_password,4532,200,192.168.1.10,10.0.0.26
01-01-2025 10:00,bob,delete_record,32033,200,192.168.1.15,10.0.0.16
01-01-2025 10:00,bob,login_failed,3480,403,192.168.1.17,10.0.0.27
01-01-2025 10:01,alice,upload_file,1530459,200,192.168.1.20,10.0.0.12
01-01-2025 10:01,john,change_password,34123,200,192.168.1.42,10.0.0.21
01-01-2025 10:01,frank,read_data,763,200,192.168.1.17,10.0.0.20
01-01-2025 10:02,bob,delete_record,47325,200,192.168.1.15,10.0.0.10
01-01-2025 10:01,ivy,upload_file,1175872,200,192.168.1.16,10.0.0.15
01-01-2025 10:00,frank,login_success,44902,200,192.168.1.22,10.0.0.24
01-01-2025 10:02,harry,upload_file,3903126,200,192.168.1.32,10.0.0.17
01-01-2025 10:01,alice,change_password,2679,200,192.168.1.33,10.0.0.5
01-01-2025 10:00,george,login_success,39959,200,192.168.1.57,10.0.0.23
01-01-2025 10:04,bob,unauthorized_access,2127,401,192.168.1.15,10.0.0.12
01-01-2025 10:01,harry,login_failed,2245,403,192.168.1.56,10.0.0.18
01-01-2025 10:04,erin,upload_file,946163,200,192.168.1.49,10.0.0.20
01-01-2025 10:01,david,login_success,6831,200,192.168.1.43,10.0.0.9
01-01-2025 10:04,david,unauthorized_access,4978,403,192.168.1.46,10.0.0.28
01-01-2025 10:01,george,login_success,19607,200,192.168.1.34,10.0.0.18
01-01-2025 10:03,frank,login_failed,2219,401,192.168.1.54,10.0.0.15
01-01-2025 10:01,bob,unauthorized_access,1051,401,192.168.1.19,10.0.0.23
01-01-2025 10:06,alice,download_file,3024719,200,192.168.1.40,10.0.0.20
01-01-2025 10:01,david,read_data,43847,200,192.168.1.26,10.0.0.7
01-01-2025 10:04,alice,modify_config,39637,200,192.168.1.26,10.0.0.10
01-01-2025 10:03,john,login_failed,1049,403,192.168.1.41,10.0.0.15
01-01-2025 10:04,erin,modify_config,13677,200,192.168.1.24,10.0.0.17
01-01-2025 10:02,john,download_file,175928,200,192.168.1.26,10.0.0.20
01-01-2025 10:02,george,download_file,2414267,200,192.168.1.57,10.0.0.11
01-01-2025 10:08,erin,modify_config,8236,200,192.168.1.11,10.0.0.24
01-01-2025 10:08,carol,change_password,34610,200,192.168.1.51,10.0.0.10
01-01-2025 10:05,carol,login_success,43918,200,192.168.1.27,10.0.0.26
01-01-2025 10:01,alice,login_success,37367,200,192.168.1.43,10.0.0.8
01-01-2025 10:06,carol,upload_file,2871079,200,192.168.1.55,10.0.0.9
01-01-2025 10:01,george,delete_record,12022,200,192.168.1.10,10.0.0.20
01-01-2025 10:05,david,delete_record,28765,200,192.168.1.33,10.0.0.11
01-01-2025 10:04,ivy,login_success,3071,200,192.168.1.26,10.0.0.24
01-01-2025 10:09,george,access_admin_panel,1291,401,192.168.1.57,10.0.0.14
01-01-2025 10:10,john,download_file,999011,200,192.168.1.16,10.0.0.18
01-01-2025 10:10,george,access_admin_panel,4410,403,192.168.1.19,10.0.0.21
01-01-2025 10:11,carol,upload_file,2173307,200,192.168.1.34,10.0.0.12
01-01-2025 10:11,david,modify_config,45428,200,192.168.1.53,10.0.0.21
01-01-2025 10:04,alice,read_data,30520,200,192.168.1.31,10.0.0.20
01-01-2025 10:08,david,upload_file,2027406,200,192.168.1.27,10.0.0.28
01-01-2025 10:05,erin,change_password,31869,200,192.168.1.33,10.0.0.28
01-01-2025 10:03,george,delete_record,46673,200,192.168.1.25,10.0.0.9
01-01-2025 10:04,bob,change_password,40377,200,192.168.1.31,10.0.0.27
01-01-2025 10:04,george,unauthorized_access,4637,401,192.168.1.57,10.0.0.29
01-01-2025 10:09,alice,login_failed,3071,403,192.168.1.15,10.0.0.18
01-01-2025 10:02,john,download_file,2551598,200,192.168.1.39,10.0.0.26
01-01-2025 10:09,david,login_success,37821,200,192.168.1.13,10.0.0.11
01-01-2025 10:07,david,login_failed,4146,401,192.168.1.48,10.0.0.25
01-01-2025 10:02,frank,login_failed,3832,401,192.168.1.40,10.0.0.10
01-01-2025 10:11,alice,modify_config,39461,200,192.168.1.37,10.0.0.14
01-01-2025 10:14,frank,login_failed,3266,401,192.168.1.14,10.0.0.13
01-01-2025 10:06,frank,read_data,19491,200,192.168.1.16,10.0.0.18
01-01-2025 10:10,alice,change_password,15940,200,192.168.1.31,10.0.0.11
01-01-2025 10:11,ivy,change_password,26449,200,192.168.1.15,10.0.0.29
01-01-2025 10:15,george,login_failed,2723,403,192.168.1.30,10.0.0.11
01-01-2025 10:10,alice,change_password,37260,200,192.168.1.33,10.0.0.5
01-01-2025 10:03,alice,delete_record,13801,200,192.168.1.39,10.0.0.25
01-01-2025 10:13,harry,modify_config,36034,200,192.168.1.44,10.0.0.23
01-01-2025 10:04,erin,login_success,23363,200,192.168.1.36,10.0.0.10
01-01-2025 10:08,erin,change_password,29258,200,192.168.1.18,10.0.0.18
01-01-2025 10:10,ivy,delete_record,39904,200,192.168.1.12,10.0.0.17
01-01-2025 10:03,erin,modify_config,36400,200,192.168.1.32,10.0.0.24
01-01-2025 10:07,george,login_success,43558,200,192.168.1.46,10.0.0.17
01-01-2025 10:07,bob,delete_record,4814,200,192.168.1.22,10.0.0.16
01-01-2025 10:16,alice,unauthorized_access,1803,403,192.168.1.19,10.0.0.15
01-01-2025 10:07,harry,login_failed,1643,403,192.168.1.45,10.0.0.5
01-01-2025 10:09,george,delete_record,27338,200,192.168.1.48,10.0.0.24
01-01-2025 10:11,alice,change_password,15072,200,192.168.1.38,10.0.0.21
01-01-2025 10:03,erin,login_success,11158,200,192.168.1.11,10.0.0.26
01-01-2025 10:15,john,download_file,3224560,200,192.168.1.31,10.0.0.13
01-01-2025 10:15,john,login_success,26064,200,192.168.1.42,10.0.0.6
01-01-2025 10:05,frank,login_success,23686,200,192.168.1.45,10.0.0.18
01-01-2025 10:16,ivy,unauthorized_access,4071,403,192.168.1.16,10.0.0.16
01-01-2025 10:09,john,access_admin_panel,3148,401,192.168.1.23,10.0.0.17
01-01-2025 10:16,erin,modify_config,12897,200,192.168.1.32,10.0.0.21
01-01-2025 10:19,john,unauthorized_access,233,401,192.168.1.53,10.0.0.29
01-01-2025 10:07,john,login_success,32250,200,192.168.1.39,10.0.0.12
01-01-2025 10:04,erin,access_admin_panel,1582,401,192.168.1.45,10.0.0.21
01-01-2025 10:10,harry,delete_record,1040,200,192.168.1.31,10.0.0.10
01-01-2025 10:07,bob,access_admin_panel,3412,401,192.168.1.44,10.0.0.21
01-01-2025 10:10,carol,delete_record,1772,200,192.168.1.14,10.0.0.5
01-01-2025 10:22,carol,unauthorized_access,4644,401,192.168.1.31,10.0.0.17
01-01-2025 10:18,george,modify_config,9933,200,192.168.1.44,10.0.0.24
01-01-2025 10:19,george,read_data,41063,200,192.168.1.36,10.0.0.6
01-01-2025 10:09,david,download_file,2852104,200,192.168.1.37,10.0.0.7
01-01-2025 10:12,erin,access_admin_panel,4226,403,192.168.1.43,10.0.0.18
01-01-2025 10:12,erin,unauthorized_access,4376,403,192.168.1.59,10.0.0.16
01-01-2025 10:22,bob,read_data,25946,200,192.168.1.44,10.0.0.10
01-01-2025 10:24,bob,read_data,5779,200,192.168.1.54,10.0.0.9
01-01-2025 10:22,john,modify_config,18363,200,192.168.1.13,10.0.0.13
01-01-2025 10:06,john,modify_config,13867,200,192.168.1.23,10.0.0.13
01-01-2025 10:14,bob,access_admin_panel,359,403,192.168.1.27,10.0.0.24
01-01-2025 10:11,david,read_data,35977,200,192.168.1.14,10.0.0.15
01-01-2025 10:13,bob,download_file,1958657,200,192.168.1.53,10.0.0.29
01-01-2025 10:08,carol,delete_record,4219,200,192.168.1.31,10.0.0.13
01-01-2025 10:08,david,login_failed,4075,403,192.168.1.52,10.0.0.15
01-01-2025 10:06,alice,read_data,43464,200,192.168.1.54,10.0.0.7
01-01-2025 10:22,john,download_file,3285466,200,192.168.1.16,10.0.0.27
01-01-2025 10:26,ivy,modify_config,30876,200,192.168.1.36,10.0.0.9
01-01-2025 10:10,john,login_failed,1437,401,192.168.1.22,10.0.0.16
01-01-2025 10:16,frank,modify_config,14957,200,192.168.1.18,10.0.0.16
01-01-2025 10:07,erin,read_data,16965,200,192.168.1.11,10.0.0.28
01-01-2025 10:16,ivy,login_failed,1094,401,192.168.1.31,10.0.0.26
01-01-2025 10:05,alice,login_success,36505,200,192.168.1.24,10.0.0.20
01-01-2025 10:05,david,upload_file,4977189,200,192.168.1.21,10.0.0.28
01-01-2025 10:16,john,access_admin_panel,4768,403,192.168.1.19,10.0.0.28
01-01-2025 10:11,george,access_admin_panel,4233,403,192.168.1.36,10.0.0.18
01-01-2025 10:24,frank,download_file,69950475,503,192.168.1.47,10.0.0.17
01-01-2025 10:27,harry,modify_config,41432,200,192.168.1.10,10.0.0.14
01-01-2025 10:07,ivy,modify_config,12893,200,192.168.1.12,10.0.0.27
01-01-2025 10:05,harry,upload_file,4019584,200,192.168.1.41,10.0.0.16
01-01-2025 10:21,bob,access_admin_panel,4162,401,192.168.1.57,10.0.0.7
01-01-2025 10:10,bob,upload_file,375217,200,192.168.1.52,10.0.0.18
01-01-2025 10:22,carol,upload_file,480574,200,192.168.1.18,10.0.0.6
01-01-2025 10:10,alice,modify_config,26524,200,192.168.1.19,10.0.0.28
01-01-2025 10:12,john,login_failed,761,403,192.168.1.29,10.0.0.16
01-01-2025 10:20,carol,modify_config,5781,200,192.168.1.19,10.0.0.18
01-01-2025 10:16,george,change_password,24295,200,192.168.1.53,10.0.0.26
01-01-2025 10:18,bob,unauthorized_access,3923,403,192.168.1.51,10.0.0.15
01-01-2025 10:19,ivy,upload_file,4598675,200,192.168.1.20,10.0.0.26
01-01-2025 10:17,bob,unauthorized_access,2356,401,192.168.1.58,10.0.0.15
01-01-2025 10:23,carol,download_file,4318334,200,192.168.1.13,10.0.0.13
01-01-2025 10:13,frank,unauthorized_access,1827,403,192.168.1.20,10.0.0.8
01-01-2025 10:28,bob,download_file,4354434,200,192.168.1.49,10.0.0.26
01-01-2025 10:15,carol,access_admin_panel,3578,401,192.168.1.51,10.0.0.18
01-01-2025 10:24,carol,change_password,6225,200,192.168.1.53,10.0.0.10
01-01-2025 10:29,alice,modify_config,20930,200,192.168.1.56,10.0.0.26
01-01-2025 10:06,john,download_file,2608483,200,192.168.1.51,10.0.0.22
01-01-2025 10:31,alice,delete_record,41497,200,192.168.1.48,10.0.0.10
01-01-2025 10:34,george,upload_file,3231217,200,192.168.1.10,10.0.0.19
01-01-2025 10:32,carol,unauthorized_access,514,403,192.168.1.59,10.0.0.16
01-01-2025 10:11,erin,change_password,47884,200,192.168.1.21,10.0.0.5
01-01-2025 10:25,george,login_failed,1593,403,192.168.1.32,10.0.0.21
01-01-2025 10:09,erin,unauthorized_access,1676,401,192.168.1.32,10.0.0.15
01-01-2025 10:07,harry,access_admin_panel,2706,401,192.168.1.47,10.0.0.12
01-01-2025 10:35,george,read_data,47698,200,192.168.1.59,10.0.0.21
01-01-2025 10:09,erin,login_success,20457,200,192.168.1.25,10.0.0.7
01-01-2025 10:07,ivy,login_failed,1750,403,192.168.1.29,10.0.0.5
01-01-2025 10:24,george,access_admin_panel,3398,403,192.168.1.39,10.0.0.26
01-01-2025 10:26,frank,download_file,1198557,200,192.168.1.46,10.0.0.29
01-01-2025 10:29,erin,unauthorized_access,4474,403,192.168.1.24,10.0.0.9
01-01-2025 10:09,harry,access_admin_panel,1798,403,192.168.1.22,10.0.0.15
01-01-2025 10:07,alice,login_failed,577,401,192.168.1.44,10.0.0.22
01-01-2025 10:12,alice,change_password,10356,200,192.168.1.46,10.0.0.7
01-01-2025 10:17,david,modify_config,30458,200,192.168.1.46,10.0.0.16
01-01-2025 10:22,frank,login_failed,4369,403,192.168.1.47,10.0.0.14
01-01-2025 10:38,john,download_file,2177066,200,192.168.1.12,10.0.0.5
01-01-2025 10:12,bob,modify_config,34026,200,192.168.1.43,10.0.0.5
01-01-2025 10:31,ivy,login_success,44282,200,192.168.1.28,10.0.0.9
01-01-2025 10:26,ivy,download_file,1748438,200,192.168.1.14,10.0.0.9
01-01-2025 10:26,carol,modify_config,13328,200,192.168.1.30,10.0.0.19
01-01-2025 10:18,george,delete_record,10493,200,192.168.1.12,10.0.0.6
01-01-2025 10:24,erin,read_data,53206484,500,192.168.1.47,10.0.0.23
01-01-2025 10:10,frank,download_file,4059226,200,192.168.1.22,10.0.0.10
01-01-2025 10:24,harry,upload_file,2967159,200,192.168.1.58,10.0.0.27
01-01-2025 10:08,erin,unauthorized_access,2639,401,192.168.1.38,10.0.0.15
01-01-2025 10:13,erin,login_success,12008,200,192.168.1.33,10.0.0.20
01-01-2025 10:19,john,access_admin_panel,1889,403,192.168.1.38,10.0.0.10
01-01-2025 10:38,harry,download_file,3219644,200,192.168.1.18,10.0.0.15
01-01-2025 10:33,harry,login_failed,2487,403,192.168.1.29,10.0.0.8
01-01-2025 10:11,alice,read_data,16111,200,192.168.1.51,10.0.0.25
01-01-2025 10:28,carol,read_data,24111,200,192.168.1.29,10.0.0.28
01-01-2025 10:34,alice,download_file,4083514,200,192.168.1.58,10.0.0.28
01-01-2025 10:28,erin,read_data,11563,200,192.168.1.59,10.0.0.11
01-01-2025 10:08,bob,delete_record,34540,200,192.168.1.21,10.0.0.13
01-01-2025 10:40,erin,access_admin_panel,4947,403,192.168.1.44,10.0.0.12
01-01-2025 10:26,george,change_password,15600,200,192.168.1.45,10.0.0.19
01-01-2025 10:43,david,download_file,2234885,200,192.168.1.46,10.0.0.22
01-01-2025 10:11,frank,login_success,16615,200,192.168.1.11,10.0.0.26
01-01-2025 10:17,bob,unauthorized_access,3839,403,192.168.1.19,10.0.0.29
01-01-2025 10:20,ivy,login_failed,3633,401,192.168.1.25,10.0.0.5
01-01-2025 10:11,bob,unauthorized_access,1498,403,192.168.1.21,10.0.0.10
01-01-2025 10:42,david,download_file,3794886,200,192.168.1.36,10.0.0.21
01-01-2025 10:12,carol,read_data,11389694,500,192.168.1.51,10.0.0.17
01-01-2025 10:45,ivy,upload_file,2637422,200,192.168.1.13,10.0.0.21
01-01-2025 10:39,erin,read_data,18074,200,192.168.1.15,10.0.0.25
01-01-2025 10:12,george,download_file,2997618,200,192.168.1.24,10.0.0.19
01-01-2025 10:30,carol,modify_config,6259,200,192.168.1.21,10.0.0.16
01-01-2025 10:15,george,unauthorized_access,3021,401,192.168.1.13,10.0.0.12
01-01-2025 10:12,ivy,read_data,15221,200,192.168.1.33,10.0.0.7
01-01-2025 10:47,george,upload_file,4997184,200,192.168.1.19,10.0.0.28
01-01-2025 10:40,bob,upload_file,4820249,200,192.168.1.30,10.0.0.6
01-01-2025 10:44,john,change_password,43575,200,192.168.1.40,10.0.0.20
01-01-2025 10:41,bob,login_failed,4191,403,192.168.1.42,10.0.0.16
01-01-2025 10:41,bob,unauthorized_access,2691,403,192.168.1.57,10.0.0.27
01-01-2025 10:19,john,delete_record,25854,200,192.168.1.23,10.0.0.19
01-01-2025 10:42,harry,change_password,36050,200,192.168.1.55,10.0.0.21
01-01-2025 10:22,erin,login_success,17097,200,192.168.1.34,10.0.0.11
01-01-2025 10:22,erin,login_failed,1684,401,192.168.1.41,10.0.0.9
01-01-2025 10:45,john,change_password,4918,200,192.168.1.55,10.0.0.11
01-01-2025 10:19,ivy,upload_file,2857971,200,192.168.1.18,10.0.0.17
01-01-2025 10:09,george,download_file,2643491,200,192.168.1.55,10.0.0.9
01-01-2025 10:10,ivy,modify_config,19945,200,192.168.1.59,10.0.0.5
01-01-2025 10:40,bob,login_success,27828,200,192.168.1.19,10.0.0.9
01-01-2025 10:40,george,delete_record,6468,200,192.168.1.41,10.0.0.10
01-01-2025 10:43,ivy,read_data,14631479,503,192.168.1.25,10.0.0.16
01-01-2025 10:17,ivy,upload_file,144598,200,192.168.1.46,10.0.0.6
01-01-2025 10:17,erin,login_failed,875,401,192.168.1.38,10.0.0.5
01-01-2025 10:48,david,access_admin_panel,1914,403,192.168.1.14,10.0.0.18
01-01-2025 10:44,ivy,read_data,35503,200,192.168.1.32,10.0.0.18
01-01-2025 10:48,carol,download_file,807189,200,192.168.1.59,10.0.0.19
01-01-2025 10:48,erin,read_data,41358,200,192.168.1.44,10.0.0.10
01-01-2025 10:14,john,login_success,22511,200,192.168.1.58,10.0.0.20
01-01-2025 10:35,ivy,login_success,34280,200,192.168.1.26,10.0.0.6
01-01-2025 10:10,alice,modify_config,47971,200,192.168.1.42,10.0.0.10
01-01-2025 10:46,alice,unauthorized_access,592,401,192.168.1.30,10.0.0.13
01-01-2025 10:49,frank,change_password,36458,200,192.168.1.10,10.0.0.14
01-01-2025 10:17,erin,read_data,32530,200,192.168.1.24,10.0.0.20
01-01-2025 10:32,harry,unauthorized_access,4643,401,192.168.1.24,10.0.0.19
01-01-2025 10:50,harry,delete_record,2101,200,192.168.1.37,10.0.0.17
01-01-2025 10:39,carol,modify_config,47091,200,192.168.1.43,10.0.0.10
01-01-2025 10:14,harry,unauthorized_access,645,401,192.168.1.17,10.0.0.15
01-01-2025 10:25,george,download_file,2292527,200,192.168.1.16,10.0.0.23
01-01-2025 10:29,david,access_admin_panel,4373,401,192.168.1.59,10.0.0.12
01-01-2025 10:22,david,modify_config,27647,200,192.168.1.45,10.0.0.5
01-01-2025 10:48,carol,delete_record,19856,200,192.168.1.34,10.0.0.26
01-01-2025 10:22,erin,access_admin_panel,2675,403,192.168.1.41,10.0.0.26
01-01-2025 10:41,erin,upload_file,1110583,200,192.168.1.52,10.0.0.12
01-01-2025 10:41,frank,login_failed,4437,401,192.168.1.51,10.0.0.11
01-01-2025 10:34,harry,download_file,3199524,200,192.168.1.29,10.0.0.23
01-01-2025 10:49,carol,download_file,3108476,200,192.168.1.40,10.0.0.14
01-01-2025 10:30,ivy,change_password,23773,200,192.168.1.42,10.0.0.26
01-01-2025 10:30,john,read_data,29543,200,192.168.1.26,10.0.0.24
01-01-2025 10:57,david,download_file,2231295,200,192.168.1.42,10.0.0.27
01-01-2025 10:15,frank,unauthorized_access,2443,403,192.168.1.55,10.0.0.6
01-01-2025 10:31,erin,upload_file,2105611,200,192.168.1.33,10.0.0.27
01-01-2025 10:23,george,access_admin_panel,4916,403,192.168.1.41,10.0.0.14
01-01-2025 10:19,erin,unauthorized_access,3194,401,192.168.1.17,10.0.0.12
01-01-2025 10:31,john,login_success,27490,200,192.168.1.48,10.0.0.11
01-01-2025 10:19,alice,login_success,3591,200,192.168.1.54,10.0.0.18
01-01-2025 10:15,erin,download_file,19660141,520,192.168.1.13,10.0.0.28
01-01-2025 10:43,harry,unauthorized_access,4294,403,192.168.1.28,10.0.0.25
01-01-2025 10:16,david,delete_record,7795,200,192.168.1.13,10.0.0.9
01-01-2025 10:24,ivy,read_data,19816,200,192.168.1.43,10.0.0.8
01-01-2025 10:20,harry,change_password,790,200,192.168.1.58,10.0.0.7
01-01-2025 10:28,alice,download_file,1522219,200,192.168.1.16,10.0.0.17
01-01-2025 11:01,erin,unauthorized_access,2479,403,192.168.1.53,10.0.0.29
01-01-2025 10:20,george,delete_record,15189,200,192.168.1.42,10.0.0.16
01-01-2025 10:45,carol,login_success,39528,200,192.168.1.39,10.0.0.5
01-01-2025 10:28,john,login_failed,2411,403,192.168.1.48,10.0.0.13
01-01-2025 10:33,alice,read_data,11140,200,192.168.1.17,10.0.0.14
01-01-2025 10:41,ivy,unauthorized_access,713,403,192.168.1.47,10.0.0.10
01-01-2025 10:33,david,delete_record,42075,200,192.168.1.30,10.0.0.29
01-01-2025 10:46,alice,login_failed,274,403,192.168.1.30,10.0.0.27
01-01-2025 10:16,alice,read_data,40745,200,192.168.1.56,10.0.0.25
01-01-2025 11:03,carol,unauthorized_access,2586,401,192.168.1.50,10.0.0.21
01-01-2025 10:46,ivy,read_data,37263,200,192.168.1.58,10.0.0.7
01-01-2025 10:34,alice,modify_config,44608,200,192.168.1.52,10.0.0.16
01-01-2025 10:55,harry,change_password,31107,200,192.168.1.13,10.0.0.9
01-01-2025 10:47,john,login_failed,2864,401,192.168.1.14,10.0.0.14
01-01-2025 10:47,carol,access_admin_panel,893,403,192.168.1.45,10.0.0.12
01-01-2025 11:00,john,unauthorized_access,1373,401,192.168.1.58,10.0.0.16
01-01-2025 10:47,alice,login_failed,399,403,192.168.1.40,10.0.0.13
01-01-2025 10:21,bob,download_file,795918,200,192.168.1.13,10.0.0.13
01-01-2025 10:13,bob,change_password,40163,200,192.168.1.45,10.0.0.5
01-01-2025 11:05,bob,read_data,5802,200,192.168.1.18,10.0.0.18
01-01-2025 10:30,john,modify_config,47501,200,192.168.1.23,10.0.0.20
01-01-2025 10:53,david,upload_file,1266243,200,192.168.1.29,10.0.0.7
01-01-2025 10:57,bob,login_success,9977,200,192.168.1.17,10.0.0.12
01-01-2025 10:31,david,change_password,16851,200,192.168.1.33,10.0.0.13
01-01-2025 10:17,alice,login_success,32035,200,192.168.1.45,10.0.0.15
01-01-2025 10:31,david,access_admin_panel,4205,401,192.168.1.36,10.0.0.16
01-01-2025 10:13,frank,login_failed,2803,403,192.168.1.29,10.0.0.12
01-01-2025 10:54,ivy,delete_record,2499,200,192.168.1.51,10.0.0.20
01-01-2025 10:36,john,unauthorized_access,220,403,192.168.1.28,10.0.0.16
01-01-2025 10:22,frank,download_file,2443626,200,192.168.1.40,10.0.0.25
01-01-2025 10:41,alice,access_admin_panel,4460,403,192.168.1.21,10.0.0.18
01-01-2025 10:27,frank,modify_config,10944,200,192.168.1.49,10.0.0.24
01-01-2025 10:18,george,login_failed,2371,401,192.168.1.24,10.0.0.28
01-01-2025 10:36,david,change_password,12480,200,192.168.1.22,10.0.0.5
01-01-2025 11:04,erin,login_failed,1754,401,192.168.1.13,10.0.0.7
01-01-2025 10:41,bob,login_failed,2381,403,192.168.1.15,10.0.0.6
01-01-2025 10:46,carol,read_data,29574,200,192.168.1.28,10.0.0.29
01-01-2025 10:51,george,modify_config,13782,200,192.168.1.50,10.0.0.10
01-01-2025 10:28,erin,upload_file,3943372,200,192.168.1.12,10.0.0.26
01-01-2025 10:42,alice,read_data,13968,200,192.168.1.52,10.0.0.5
01-01-2025 10:37,frank,access_admin_panel,4242,401,192.168.1.27,10.0.0.23
01-01-2025 10:19,carol,upload_file,3735363,200,192.168.1.26,10.0.0.5
01-01-2025 10:42,erin,login_success,26613,200,192.168.1.53,10.0.0.13
01-01-2025 10:14,bob,download_file,2979260,200,192.168.1.33,10.0.0.22
01-01-2025 10:14,ivy,read_data,25077,200,192.168.1.17,10.0.0.16
01-01-2025 10:33,ivy,delete_record,33780,200,192.168.1.20,10.0.0.10
01-01-2025 11:07,erin,access_admin_panel,883,401,192.168.1.56,10.0.0.23
01-01-2025 11:12,ivy,upload_file,2733435,200,192.168.1.32,10.0.0.23
01-01-2025 10:43,frank,access_admin_panel,1361,401,192.168.1.13,10.0.0.5
01-01-2025 11:08,ivy,unauthorized_access,4746,401,192.168.1.53,10.0.0.20
01-01-2025 10:53,carol,login_failed,822,401,192.168.1.30,10.0.0.18
01-01-2025 10:19,bob,change_password,1694,200,192.168.1.54,10.0.0.29
01-01-2025 11:14,frank,read_data,37997,200,192.168.1.26,10.0.0.9
01-01-2025 11:09,carol,login_failed,210,401,192.168.1.18,10.0.0.27
01-01-2025 11:14,george,read_data,3571,200,192.168.1.41,10.0.0.5
01-01-2025 10:29,david,download_file,4571251,200,192.168.1.24,10.0.0.6
01-01-2025 10:20,david,read_data,20887,200,192.168.1.36,10.0.0.6
01-01-2025 10:50,alice,unauthorized_access,4865,401,192.168.1.28,10.0.0.19
01-01-2025 10:40,david,unauthorized_access,3908,403,192.168.1.54,10.0.0.16
01-01-2025 10:50,david,access_admin_panel,3842,403,192.168.1.38,10.0.0.28
01-01-2025 11:10,bob,upload_file,2773294,200,192.168.1.39,10.0.0.14
01-01-2025 11:11,george,upload_file,1535819,200,192.168.1.49,10.0.0.12
01-01-2025 10:25,george,modify_config,34144,200,192.168.1.34,10.0.0.17
01-01-2025 11:16,harry,change_password,37626,200,192.168.1.15,10.0.0.29
01-01-2025 10:25,john,access_admin_panel,1993,401,192.168.1.21,10.0.0.29
01-01-2025 10:41,bob,login_failed,4054,403,192.168.1.19,10.0.0.16
01-01-2025 10:25,frank,unauthorized_access,2393,403,192.168.1.10,10.0.0.7
01-01-2025 11:12,alice,login_success,12711,200,192.168.1.58,10.0.0.26
01-01-2025 10:36,frank,access_admin_panel,4023,401,192.168.1.30,10.0.0.5
01-01-2025 10:20,bob,login_failed,3041,403,192.168.1.32,10.0.0.8
01-01-2025 11:08,erin,read_data,12578,200,192.168.1.51,10.0.0.29
01-01-2025 11:18,carol,access_admin_panel,2205,403,192.168.1.37,10.0.0.26
01-01-2025 10:31,george,download_file,1511330,200,192.168.1.50,10.0.0.8
01-01-2025 11:03,frank,modify_config,2127,200,192.168.1.53,10.0.0.17
01-01-2025 10:26,harry,login_success,4735,200,192.168.1.15,10.0.0.29
01-01-2025 10:21,bob,access_admin_panel,135,401,192.168.1.29,10.0.0.15
01-01-2025 11:14,carol,download_file,1624319,200,192.168.1.16,10.0.0.25
01-01-2025 10:37,erin,delete_record,5398,200,192.168.1.48,10.0.0.19
01-01-2025 11:15,erin,upload_file,402678,200,192.168.1.18,10.0.0.24
01-01-2025 11:15,frank,download_file,154535,200,192.168.1.52,10.0.0.16
01-01-2025 10:16,harry,access_admin_panel,313,403,192.168.1.11,10.0.0.6
01-01-2025 10:59,carol,read_data,34496,200,192.168.1.31,10.0.0.14
01-01-2025 10:21,alice,unauthorized_access,3663,403,192.168.1.56,10.0.0.10
01-01-2025 11:16,john,read_data,48633,200,192.168.1.11,10.0.0.24
01-01-2025 11:22,bob,unauthorized_access,1868,401,192.168.1.10,10.0.0.19
01-01-2025 10:54,frank,unauthorized_access,3194,403,192.168.1.47,10.0.0.10
01-01-2025 10:27,ivy,unauthorized_access,3200,401,192.168.1.26,10.0.0.10
01-01-2025 11:22,alice,login_failed,1622,401,192.168.1.57,10.0.0.7
01-01-2025 10:49,ivy,login_success,27521,200,192.168.1.47,10.0.0.15
01-01-2025 11:23,carol,download_file,2581486,200,192.168.1.58,10.0.0.10
01-01-2025 10:44,bob,access_admin_panel,4819,403,192.168.1.13,10.0.0.29
01-01-2025 11:23,john,read_data,33375,200,192.168.1.26,10.0.0.24
01-01-2025 11:12,harry,login_failed,3652,403,192.168.1.24,10.0.0.25
01-01-2025 10:28,bob,read_data,15843,200,192.168.1.26,10.0.0.26
01-01-2025 10:56,harry,read_data,38846,200,192.168.1.43,10.0.0.9
01-01-2025 10:50,john,upload_file,40529952,500,192.168.1.28,10.0.0.5
01-01-2025 10:56,ivy,download_file,3971497,200,192.168.1.47,10.0.0.11
01-01-2025 11:08,alice,read_data,6440,200,192.168.1.17,10.0.0.17
01-01-2025 10:57,ivy,delete_record,49955,200,192.168.1.42,10.0.0.8
01-01-2025 10:45,john,upload_file,4023970,200,192.168.1.47,10.0.0.26
01-01-2025 10:45,erin,login_failed,4480,401,192.168.1.34,10.0.0.15
01-01-2025 11:09,carol,access_admin_panel,3578,401,192.168.1.16,10.0.0.14
01-01-2025 11:03,frank,modify_config,15576,200,192.168.1.45,10.0.0.14
01-01-2025 10:52,david,modify_config,38793,200,192.168.1.28,10.0.0.24
01-01-2025 10:52,frank,modify_config,15457,200,192.168.1.22,10.0.0.9
01-01-2025 10:29,erin,download_file,771700,200,192.168.1.40,10.0.0.27
01-01-2025 10:17,erin,read_data,38068,200,192.168.1.20,10.0.0.10
01-01-2025 11:04,alice,login_success,28866,200,192.168.1.51,10.0.0.16
01-01-2025 10:41,ivy,modify_config,38493,200,192.168.1.19,10.0.0.22
01-01-2025 10:58,erin,upload_file,4386220,200,192.168.1.50,10.0.0.25
01-01-2025 11:10,john,login_failed,4824,403,192.168.1.47,10.0.0.7
01-01-2025 11:05,john,read_data,9423,200,192.168.1.37,10.0.0.16
01-01-2025 11:05,harry,read_data,45087,200,192.168.1.59,10.0.0.17
01-01-2025 10:29,erin,unauthorized_access,2780,403,192.168.1.35,10.0.0.16
01-01-2025 11:29,harry,delete_record,43489,200,192.168.1.56,10.0.0.7
01-01-2025 11:29,alice,upload_file,55620349,503,192.168.1.17,10.0.0.21
01-01-2025 11:24,john,modify_config,44836,200,192.168.1.13,10.0.0.17
01-01-2025 11:18,frank,unauthorized_access,3554,403,192.168.1.43,10.0.0.14
01-01-2025 10:36,george,modify_config,12525,200,192.168.1.11,10.0.0.11
01-01-2025 10:54,frank,modify_config,43395,200,192.168.1.57,10.0.0.6
01-01-2025 10:48,frank,delete_record,10350,200,192.168.1.34,10.0.0.12
01-01-2025 10:24,bob,modify_config,30188,200,192.168.1.13,10.0.0.13
01-01-2025 11:01,bob,unauthorized_access,1719,401,192.168.1.36,10.0.0.26
01-01-2025 11:19,bob,unauthorized_access,4916,401,192.168.1.20,10.0.0.20
01-01-2025 10:36,erin,read_data,27237,200,192.168.1.21,10.0.0.26
01-01-2025 11:32,george,read_data,50703731,503,192.168.1.56,10.0.0.8
01-01-2025 11:32,david,download_file,3258470,200,192.168.1.59,10.0.0.19
01-01-2025 10:55,david,login_success,25096,200,192.168.1.37,10.0.0.20
01-01-2025 11:26,george,login_failed,2722,401,192.168.1.24,10.0.0.11
01-01-2025 11:14,erin,modify_config,8132,200,192.168.1.50,10.0.0.26
01-01-2025 11:14,alice,login_failed,837,401,192.168.1.17,10.0.0.15
01-01-2025 10:37,alice,login_failed,2764,401,192.168.1.30,10.0.0.12
01-01-2025 11:21,harry,unauthorized_access,123,403,192.168.1.23,10.0.0.20
01-01-2025 10:18,carol,change_password,11176,200,192.168.1.58,10.0.0.11
01-01-2025 10:56,john,upload_file,976221,200,192.168.1.58,10.0.0.14
01-01-2025 10:25,carol,read_data,2775,200,192.168.1.39,10.0.0.9
01-01-2025 11:09,david,access_admin_panel,712,401,192.168.1.46,10.0.0.27
01-01-2025 10:57,harry,unauthorized_access,211,401,192.168.1.39,10.0.0.16
01-01-2025 11:16,erin,access_admin_panel,3183,401,192.168.1.13,10.0.0.17
01-01-2025 10:38,john,login_success,21497,200,192.168.1.38,10.0.0.15
01-01-2025 11:04,john,change_password,41847,200,192.168.1.32,10.0.0.11
01-01-2025 10:38,bob,delete_record,13431,200,192.168.1.25,10.0.0.24
01-01-2025 11:30,david,change_password,16507,200,192.168.1.47,10.0.0.20
01-01-2025 10:19,carol,change_password,30492,200,192.168.1.39,10.0.0.9
01-01-2025 10:51,carol,change_password,12222,200,192.168.1.35,10.0.0.17
01-01-2025 11:17,george,unauthorized_access,1797,403,192.168.1.45,10.0.0.5
01-01-2025 11:24,george,access_admin_panel,4502,403,192.168.1.50,10.0.0.10
01-01-2025 11:24,john,download_file,3740724,200,192.168.1.28,10.0.0.5
01-01-2025 10:39,carol,delete_record,23570,200,192.168.1.48,10.0.0.23
01-01-2025 10:52,john,delete_record,48086,200,192.168.1.28,10.0.0.19
01-01-2025 11:05,erin,login_failed,1495,401,192.168.1.42,10.0.0.5
01-01-2025 11:19,alice,modify_config,19739,200,192.168.1.14,10.0.0.16
01-01-2025 11:19,erin,download_file,2610506,200,192.168.1.11,10.0.0.26
01-01-2025 11:06,george,login_failed,318,403,192.168.1.38,10.0.0.16
01-01-2025 10:59,ivy,read_data,36852,200,192.168.1.28,10.0.0.9
01-01-2025 11:26,bob,modify_config,29735,200,192.168.1.56,10.0.0.13
01-01-2025 10:26,harry,login_success,45923,200,192.168.1.56,10.0.0.6
01-01-2025 11:26,bob,download_file,1939731,200,192.168.1.50,10.0.0.28
01-01-2025 10:20,john,login_success,17234,200,192.168.1.35,10.0.0.11
01-01-2025 10:40,john,change_password,15818,200,192.168.1.55,10.0.0.18
01-01-2025 11:27,erin,login_failed,4947,403,192.168.1.41,10.0.0.25
01-01-2025 11:07,harry,login_failed,4488,401,192.168.1.57,10.0.0.6
01-01-2025 11:27,john,login_success,12827,200,192.168.1.30,10.0.0.24
01-01-2025 11:41,erin,login_success,14558,200,192.168.1.53,10.0.0.12
01-01-2025 11:21,frank,unauthorized_access,3049,401,192.168.1.58,10.0.0.14
01-01-2025 10:54,john,access_admin_panel,3828,401,192.168.1.37,10.0.0.13
01-01-2025 11:15,ivy,login_failed,1247,401,192.168.1.28,10.0.0.21
01-01-2025 11:15,david,login_failed,3375,403,192.168.1.50,10.0.0.22
01-01-2025 10:20,frank,read_data,20158,200,192.168.1.50,10.0.0.12
01-01-2025 10:48,bob,unauthorized_access,1798,401,192.168.1.18,10.0.0.8
01-01-2025 10:55,frank,modify_config,32309,200,192.168.1.11,10.0.0.29
01-01-2025 10:34,bob,read_data,5341,200,192.168.1.39,10.0.0.14
01-01-2025 11:30,harry,login_success,42302,200,192.168.1.20,10.0.0.11
01-01-2025 11:37,erin,access_admin_panel,4780,403,192.168.1.54,10.0.0.25
01-01-2025 10:34,erin,login_failed,1755,403,192.168.1.32,10.0.0.11
01-01-2025 11:09,alice,access_admin_panel,4933,403,192.168.1.52,10.0.0.17
01-01-2025 11:17,frank,change_password,38339,200,192.168.1.55,10.0.0.18
01-01-2025 11:17,alice,login_failed,1065,403,192.168.1.39,10.0.0.6
01-01-2025 11:03,harry,modify_config,38671,200,192.168.1.41,10.0.0.13
01-01-2025 11:31,ivy,read_data,12101,200,192.168.1.14,10.0.0.27
01-01-2025 10:49,alice,login_failed,1805,401,192.168.1.52,10.0.0.19
01-01-2025 10:56,frank,login_failed,1630,401,192.168.1.41,10.0.0.12
01-01-2025 11:11,alice,download_file,3185642,200,192.168.1.59,10.0.0.23
01-01-2025 10:28,john,unauthorized_access,274,401,192.168.1.13,10.0.0.16
01-01-2025 11:47,erin,login_failed,3075,403,192.168.1.33,10.0.0.8
01-01-2025 11:04,alice,unauthorized_access,235,401,192.168.1.23,10.0.0.29
01-01-2025 10:28,ivy,download_file,1060001,200,192.168.1.48,10.0.0.24
01-01-2025 10:21,alice,unauthorized_access,2518,403,192.168.1.11,10.0.0.19
01-01-2025 10:21,bob,modify_config,35663,200,192.168.1.27,10.0.0.7
01-01-2025 11:04,john,modify_config,43188,200,192.168.1.26,10.0.0.28
01-01-2025 10:36,ivy,change_password,32209,200,192.168.1.18,10.0.0.26
01-01-2025 10:58,carol,login_failed,2985,403,192.168.1.34,10.0.0.18
01-01-2025 11:41,david,upload_file,2626080,200,192.168.1.28,10.0.0.8
01-01-2025 11:41,harry,unauthorized_access,1032,401,192.168.1.54,10.0.0.10
01-01-2025 10:43,bob,read_data,35841,200,192.168.1.31,10.0.0.12
01-01-2025 10:51,george,read_data,27049,200,192.168.1.35,10.0.0.15
01-01-2025 11:06,frank,read_data,38204,200,192.168.1.54,10.0.0.9
01-01-2025 11:20,erin,unauthorized_access,575,403,192.168.1.48,10.0.0.23
01-01-2025 10:22,bob,read_data,5808,200,192.168.1.35,10.0.0.10
01-01-2025 11:50,carol,read_data,14240,200,192.168.1.20,10.0.0.11
01-01-2025 11:51,alice,change_password,14903,200,192.168.1.33,10.0.0.16
01-01-2025 10:37,david,login_failed,1720,403,192.168.1.31,10.0.0.14
01-01-2025 10:22,carol,change_password,42558,200,192.168.1.50,10.0.0.14
01-01-2025 11:44,harry,change_password,25285,200,192.168.1.40,10.0.0.18
01-01-2025 11:14,bob,read_data,17369,200,192.168.1.24,10.0.0.12
01-01-2025 11:52,erin,change_password,28882,200,192.168.1.44,10.0.0.23
01-01-2025 10:45,alice,read_data,10111323,520,192.168.1.12,10.0.0.22
01-01-2025 11:15,john,modify_config,20267,200,192.168.1.49,10.0.0.5
01-01-2025 11:45,harry,read_data,31230,200,192.168.1.18,10.0.0.9
01-01-2025 11:15,erin,download_file,35728185,503,192.168.1.43,10.0.0.22
01-01-2025 11:53,alice,change_password,9479,200,192.168.1.42,10.0.0.9
01-01-2025 10:53,john,download_file,2187151,200,192.168.1.16,10.0.0.16
01-01-2025 11:16,frank,delete_record,6299,200,192.168.1.38,10.0.0.6
01-01-2025 11:54,ivy,access_admin_panel,2778,403,192.168.1.43,10.0.0.12
01-01-2025 11:31,george,change_password,36455,200,192.168.1.30,10.0.0.27
01-01-2025 11:47,john,access_admin_panel,4820,401,192.168.1.13,10.0.0.19
01-01-2025 10:38,erin,unauthorized_access,1916,403,192.168.1.49,10.0.0.14
01-01-2025 10:38,alice,upload_file,77324565,503,192.168.1.16,10.0.0.5
01-01-2025 11:09,ivy,modify_config,37371,200,192.168.1.49,10.0.0.9
01-01-2025 10:30,erin,login_failed,1070,401,192.168.1.49,10.0.0.28
01-01-2025 11:17,bob,upload_file,985616,200,192.168.1.51,10.0.0.29
01-01-2025 10:54,carol,modify_config,12876,200,192.168.1.53,10.0.0.5
01-01-2025 11:17,george,login_failed,3866,403,192.168.1.21,10.0.0.22
01-01-2025 10:23,alice,read_data,16875,200,192.168.1.42,10.0.0.29
01-01-2025 11:33,carol,access_admin_panel,740,401,192.168.1.55,10.0.0.5
01-01-2025 11:49,bob,unauthorized_access,4901,403,192.168.1.24,10.0.0.15
01-01-2025 11:57,ivy,delete_record,29860,200,192.168.1.34,10.0.0.9
01-01-2025 11:02,erin,change_password,41812,200,192.168.1.57,10.0.0.14
01-01-2025 11:42,ivy,download_file,4715273,200,192.168.1.34,10.0.0.7
01-01-2025 11:42,carol,change_password,15361,200,192.168.1.48,10.0.0.19
01-01-2025 10:47,david,download_file,2219423,200,192.168.1.10,10.0.0.16
01-01-2025 10:31,john,change_password,5725,200,192.168.1.57,10.0.0.13
01-01-2025 11:27,john,access_admin_panel,1475,401,192.168.1.46,10.0.0.25
01-01-2025 11:43,alice,read_data,40549,200,192.168.1.17,10.0.0.18
01-01-2025 11:35,erin,modify_config,14906,200,192.168.1.25,10.0.0.9
01-01-2025 10:47,ivy,change_password,943,200,192.168.1.34,10.0.0.14
01-01-2025 10:40,bob,delete_record,11766,200,192.168.1.24,10.0.0.15
01-01-2025 11:28,carol,modify_config,22417,200,192.168.1.21,10.0.0.16
01-01-2025 10:48,john,download_file,621812,200,192.168.1.26,10.0.0.5
01-01-2025 10:40,carol,upload_file,2618494,200,192.168.1.11,10.0.0.5
01-01-2025 10:32,frank,access_admin_panel,1717,403,192.168.1.59,10.0.0.22
01-01-2025 11:04,bob,login_failed,178,401,192.168.1.41,10.0.0.24
01-01-2025 11:12,bob,modify_config,22115,200,192.168.1.48,10.0.0.27
01-01-2025 11:04,harry,delete_record,3163,200,192.168.1.41,10.0.0.22
01-01-2025 10:56,frank,upload_file,4794850,200,192.168.1.28,10.0.0.23
01-01-2025 11:54,george,upload_file,2862148,200,192.168.1.41,10.0.0.9
01-01-2025 11:29,john,read_data,48061,200,192.168.1.39,10.0.0.24
01-01-2025 11:05,erin,access_admin_panel,2181,401,192.168.1.21,10.0.0.17
01-01-2025 10:41,john,upload_file,2903867,200,192.168.1.58,10.0.0.16
01-01-2025 11:38,john,access_admin_panel,634,401,192.168.1.27,10.0.0.21
01-01-2025 11:47,carol,change_password,24182,200,192.168.1.14,10.0.0.13
01-01-2025 12:03,erin,access_admin_panel,1851,401,192.168.1.40,10.0.0.19
01-01-2025 11:14,david,login_success,18398,200,192.168.1.42,10.0.0.27
01-01-2025 10:57,ivy,access_admin_panel,1526,401,192.168.1.58,10.0.0.8
01-01-2025 11:31,george,upload_file,3099401,200,192.168.1.30,10.0.0.28
01-01-2025 10:24,frank,unauthorized_access,3132,403,192.168.1.56,10.0.0.17
